feature,importance
V14,0.17637362969759862
V10,0.12317952075249193
V12,0.10669915220773658
V4,0.10085986509944482
V17,0.09501732377363287
V16,0.06094389223006662
V3,0.05800261086691571
V11,0.053459805209861655
V2,0.028646852839407176
V7,0.020708684823013548
V9,0.017646060903049786
V21,0.01547735083136195
V19,0.01439157114751298
V27,0.013094767146389139
V8,0.011003852615588979
V18,0.010234640745063823
V5,0.009139053739480506
V1,0.009080938487232708
V20,0.008974153971460314
V13,0.008090169488183162
V26,0.007679721234611009
Amount,0.007668950027062004
V6,0.006941046922500388
V15,0.0063022325329434225
V23,0.005608934067390127
V24,0.005407757640854101
V22,0.005252502915839624
V25,0.004920816355897787
V28,0.004717780546634831
Time,0.00447636118077382
