feature,train_mean,train_std,train_min,train_max
Time,-1.5082363648304533e-16,1.0000022028445332,-1.9983997056063516,1.6402374435824711
V1,0.0050273197775754785,1.9472931449869613,-56.407509631329,2.45492999121121
V2,-0.005548589987563458,1.649616827597446,-72.7157275629303,22.0577289904909
V3,0.0021311972659150582,1.5072702001283393,-33.6809840183525,9.38255843282114
V4,-0.002025325720540592,1.4169600102763416,-5.68317119816995,16.8753440335975
V5,0.004940922477130266,1.3596426625418379,-32.0921290046357,34.8016658766686
V6,-0.001960848291197852,1.323400717674805,-26.1605059358433,21.3930687572539
V7,0.0014795822884350036,1.200180878688949,-43.5572415712451,34.3031768568354
V8,-0.0002149165949905269,1.1693424118135685,-73.2167184552674,20.0072083651213
V9,-0.0028832741026493416,1.0940549971134292,-13.4340663182301,15.5949946071278
V10,-0.002179760655492428,1.073211859471771,-24.5882624372475,23.7451361206545
V11,7.963884659405522e-05,1.018662001047585,-4.79747346479757,12.0189131816199
V12,4.6415809425561857e-05,0.9923656932050491,-18.5536970096458,7.8483920756446
V13,-0.0006730035270265357,0.9940176944274912,-5.79188120632084,4.56900895856606
V14,-0.001629460316393435,0.9542888284922981,-19.2143254902614,10.5267660517847
V15,0.0008933259265473335,0.9142893132682565,-4.49894467676621,5.82565431863365
V16,0.001326803937084958,0.8736631994816688,-14.1298545174931,7.05913181057395
V17,-0.0006251394739318353,0.843115767222851,-25.1627993693248,9.25352625047285
V18,0.0022732971832531627,0.8373425131176065,-9.49874592104677,5.04106918541184
V19,0.0007036039484789288,0.8136392609826523,-7.21352743017759,5.57211332687969
V20,0.0006489322284747889,0.7595098746715292,-23.6468903321673,39.4209042482199
V21,0.0010684111281191882,0.7222524713640418,-34.8303821448146,27.2028391573154
V22,7.309402966213362e-05,0.7243660375114349,-10.933143697655,10.5030900899454
V23,-0.0002304143161647635,0.6256998500959234,-44.8077352037913,22.5284116897749
V24,4.176903820827132e-05,0.6058157978810673,-2.83662691870341,4.01634181669268
V25,0.00024661916641737245,0.5216325858648222,-10.2953970749851,7.51958867870916
V26,0.0003063575380874517,0.4813855942494667,-2.60455055280817,3.5173456116238
V27,0.0016815131137704106,0.39057850650668724,-22.5656793207827,12.1524011068287
V28,0.0009475352136414381,0.3257489625264045,-11.7108956394515,33.8478078188831
Amount,9.070392003105517e-17,1.0000022028445332,-0.3596386110509201,79.62086987383167
