threshold,precision,recall,f1,fraud_predictions
0.1,0.8735632183908046,0.8,0.8351648351648352,87
0.15,0.9146341463414634,0.7894736842105263,0.847457627118644,82
0.2,0.925,0.7789473684210526,0.8457142857142858,80
0.25,0.9473684210526315,0.7578947368421053,0.8421052631578947,76
0.3,0.958904109589041,0.7368421052631579,0.8333333333333334,73
0.35,0.9583333333333334,0.7263157894736842,0.8263473053892215,72
0.4,0.9583333333333334,0.7263157894736842,0.8263473053892215,72
0.45,0.971830985915493,0.7263157894736842,0.8313253012048193,71
0.5,0.9714285714285714,0.7157894736842105,0.8242424242424242,70
0.55,0.9852941176470589,0.7052631578947368,0.8220858895705522,68
0.6,0.9848484848484849,0.6842105263157895,0.8074534161490683,66
0.65,0.984375,0.6631578947368421,0.7924528301886793,64
0.7,0.9833333333333333,0.6210526315789474,0.7612903225806451,60
0.75,0.9811320754716981,0.5473684210526316,0.7027027027027027,53
0.8,0.9803921568627451,0.5263157894736842,0.684931506849315,51
0.85,0.9787234042553191,0.4842105263157895,0.647887323943662,47
0.9,0.9736842105263158,0.3894736842105263,0.556390977443609,38
0.95,1.0,0.2631578947368421,0.4166666666666667,25
